ID,Epic,Story,Points,Priority,Depends On,Sprint,Acceptance Criteria
US-001,Auth,"As a visitor, I can create an account",3,Must,—,1,"Given a new email and password, when I register, then my account exists and I land on Login"
US-002,Auth,"As a reader, I can sign in",3,Must,US-001,1,"Given a wrong password, when I sign in, then I stay on Login with an error"
US-003,Auth,"As a reader, my book pages are visible only when I am signed in",2,Must,US-002,1,"Given I am signed out, when I open /books, then I am sent to Login"
US-004,Books,"As a reader, I can see my books",5,Must,"US-002, US-003",1,"Given another reader owns a book, when I open My Books, then it is not listed"
US-005,Books,"As a reader, I can add a book",5,Must,US-004,1,"Given a title, author and ISBN, when I save, then the book is listed on My Books"
US-006,Auth,"As a reader, I can sign out",1,Must,US-002,2,"Given I signed out, when I open /books, then I am sent to Login"
US-007,Books,"As a reader, I can view a book's details",2,Must,US-004,2,"Given a book id that does not exist, when I open it, then I see Book not found"
US-008,Books,"As a reader, I can delete a book",3,Should,US-007,2,"Given another reader's book, when I delete it, then nothing is deleted"
US-009,Books,"As a reader, I see clear empty and error states",3,Should,US-004,2,"Given the books cannot load, when I open My Books, then I see an error and a Try again button"
US-010,Books,"As a reader, I can change a book's reading status",3,Should,US-007,2,"Given a status that is not allowed, when I save, then it is not changed"
US-011,Quality,"As a developer, I have automated tests for sign-in and the book flow",5,Should,US-005,2,"Given the test suite, when it runs, then it rejects a wrong password and another reader's book"
US-012,Reviews,"As a reader, I can rate and review a book",5,Could,US-007,3,"Given a rating outside 1 to 5, when I save, then no review is saved and I see an error"
US-013,Reviews,"As a reader, I can see my reviews on a book",3,Could,US-012,3,"Given a book with no reviews, when I open it, then I see No reviews yet"
